day,post_type,content
1,educational,"Implementing AI doesn’t have to start with a data‑science team. Here’s a three‑step framework that small businesses can follow this week:

1. Identify a single repetitive task that costs you at least an hour a week—invoice entry, calendar scheduling, or basic customer follow‑up. Write down the exact inputs and the desired output.

2. Choose a ready‑made AI tool that matches the task. For example, a no‑code workflow platform can pull email data into a spreadsheet and trigger a template response. Most tools offer a free trial and a visual editor, so you stay in control.

3. Build, test, and iterate. Run the automation on a handful of cases, compare the results with your manual process, and adjust the prompts or rules until the output meets your standards.

When the first loop works, you have a proven template to replicate across other processes.

Curious how this could fit your business? Let’s discuss your next quick win."
2,insight,"When we first introduced AI‑driven scheduling to a handful of solo consultants, the expectation was a dramatic drop in admin time.

What we actually saw was a 15 % increase in the number of appointments booked in the first week, not because the tool was faster, but because it surfaced gaps in the consultants’ own availability that they hadn’t noticed.

The real gain came after the second week, when the AI stopped suggesting slots that conflicted with existing commitments. The consultants reported fewer reschedules and a clearer view of their capacity.

The counterintuitive part is that the initial boost isn’t about saving minutes; it’s about exposing hidden friction in a workflow that the founder thought was already optimal.

If you’ve observed a similar pattern in your own processes, I’m curious to hear how you addressed it."
3,mistake,"Most small‑business owners start an automation project hoping for instant results. The first mistake is treating AI like a plug‑and‑play tool. Without a clear, documented workflow, the system ends up processing the wrong data and creates more work than it saves.

Second, many skip the validation step. A model that looks accurate in a test set can fail on real‑world inputs, leading to missed orders or incorrect invoices. Building a simple feedback loop and checking outputs daily prevents that drift.

Finally, teams often overlook change management. When staff aren’t trained on the new process, they revert to manual shortcuts, undoing the automation gains.

A disciplined approach that maps each task, tests assumptions, and involves the team from day one makes the difference.

If you’ve encountered any of these issues, I’d like to hear how you addressed them."
4,tip,"Most small‑business owners spend hours each week writing repetitive follow‑up emails. The simplest change you can make is to set up an AI‑driven template that pulls key details from your CRM and drafts the next message in seconds. Connect your email client to a low‑code AI tool, map the fields you need—name, last purchase, deadline—and let the model generate a personalized draft. Review, hit send, and you’ve turned a 10‑minute task into a 30‑second action. Over a month, that alone can free 5‑6 hours for strategy work or client calls. AI Growth Lab has built a step‑by‑step guide for non‑technical founders to implement this without hiring developers. The setup takes under an hour and requires no coding experience. If you’re curious about trying it in your workflow, let’s discuss."
5,educational,"Most founders see AI automation as a massive tech project, but the first layer they miss is the simple decision rule that repeats daily.

Pick a recurring question—“Which lead needs a call today?” or “When should I reorder stock?” Write the trigger, condition, and action on a sheet.

Translate that sheet into an automation tool: pull the data, evaluate the condition, and fire the email or notification. The workflow runs without your input.

You gain consistent execution and reclaim hours each week. If you want a brief walk‑through for your business, just send a message.

Start with one rule, test it for a week, then layer another. The incremental approach keeps the system manageable and shows immediate ROI. You’ll see the impact in reduced manual checks and faster response times."
